{"species_kind_percentage":{"Lime":{"count":6370,"percent":16.96088611976462},"Maple":{"count":5423,"percent":14.43938546742285},"Ash":{"count":2346,"percent":6.246505311925873},"Oak":{"count":2259,"percent":6.014857416726576},"Pine":{"count":2178,"percent":5.799185238437575},"Cherry":{"count":1690,"percent":4.499826929733472},"Alder":{"count":1687,"percent":4.491839071278323},"Beech":{"count":1663,"percent":4.427936203637138},"Cypress":{"count":1291,"percent":3.437441755198765},"Hornbeam":{"count":1248,"percent":3.322949117341641},"Pear":{"count":1182,"percent":3.147216231328381},"Birch":{"count":1169,"percent":3.112602178022739},"Poplar":{"count":1155,"percent":3.075325505232047},"Rowan":{"count":1102,"percent":2.93420667252443},"Willow":{"count":907,"percent":2.414995872939798},"Chestnut":{"count":684,"percent":1.821231727773784},"Larch":{"count":623,"percent":1.658811939185771},"Mixed":{"count":534,"percent":1.421838805016375},"Hawthorn":{"count":500,"percent":1.331309742524696},"Hazel":{"count":454,"percent":1.208829246212424},"Plane":{"count":404,"percent":1.075698271959954},"N/A":{"count":339,"percent":0.9026280054317437},"Elm":{"count":326,"percent":0.8680139521261017},"Yew":{"count":309,"percent":0.822749420880262},"Holly":{"count":248,"percent":0.6603296322922492},"Lawson Cypress":{"count":206,"percent":0.5484996139201747},"Not Known":{"count":166,"percent":0.441994834518199},"Fir":{"count":151,"percent":0.4020555422424582},"Spruce":{"count":135,"percent":0.3594536304816678},"Redwood":{"count":130,"percent":0.3461405330564209},"Sweet Chestnut":{"count":111,"percent":0.2955507628404825},"Apple":{"count":87,"percent":0.2316478951992971},"Cedar":{"count":85,"percent":0.2263226562291983},"Cotoneaster":{"count":81,"percent":0.2156721782890007},"Amelanchier":{"count":43,"percent":0.1144926378571238},"Elder":{"count":42,"percent":0.1118300183720744},"Irish Yew":{"count":38,"percent":0.1011795404318769},"Crab Apple":{"count":37,"percent":0.09851692094682749},"Western Hemlock":{"count":32,"percent":0.08520382352158053},"Eucalyptus":{"count":28,"percent":0.07455334558138296},"Laburnum":{"count":22,"percent":0.05857762867108662},"Walnut":{"count":18,"percent":0.04792715073088905},"Gingko":{"count":11,"percent":0.02928881433554331},"Yucca":{"count":8,"percent":0.02130095588039513},"Juniper":{"count":7,"percent":0.01863833639534574},"Tulip":{"count":6,"percent":0.01597571691029635},"Magnolia":{"count":5,"percent":0.01331309742524696},"False Acaia":{"count":5,"percent":0.01331309742524696},"Tree Of Heaven":{"count":4,"percent":0.01065047794019757},"Plum":{"count":4,"percent":0.01065047794019757},"Liquidamber":{"count":2,"percent":0.005325238970098783},"Handkerchief":{"count":1,"percent":0.002662619485049391},"Rauli":{"count":1,"percent":0.002662619485049391}}}